{"cameraMode":{"drawMode":0,"name":"Shaded","section":"Shading Mode"},"sceneLighting":true,"audioPlay":false,"sceneViewState":{"showFog":true,"showMaterialUpdate":false,"showSkybox":true,"showFlares":true,"showImageEffects":true,"showParticleSystems":true},"in2DMode":false,"pivot":{"x":-1.889377474784851,"y":7.162872791290283,"z":25.148162841796876},"rotation":{"x":0.003485233522951603,"y":0.9735957980155945,"z":-0.22776558995246888,"w":0.014897734858095646},"size":9.699999809265137,"orthographic":false}