{"cameraMode":{"drawMode":0,"name":"Shaded","section":"Shading Mode"},"sceneLighting":false,"audioPlay":false,"sceneViewState":{"showFog":true,"showMaterialUpdate":false,"showSkybox":false,"showFlares":true,"showImageEffects":true,"showParticleSystems":true},"in2DMode":false,"pivot":{"x":14.849082946777344,"y":31.39763069152832,"z":-51.699459075927737},"rotation":{"x":-0.00369638716802001,"y":0.9690502882003784,"z":0.24640728533267976,"w":0.014536837115883828},"size":66.7165298461914,"orthographic":false}