{"cameraMode":{"drawMode":0,"name":"Shaded","section":"Shading Mode"},"sceneLighting":false,"audioPlay":false,"sceneViewState":{"showFog":true,"showMaterialUpdate":false,"showSkybox":false,"showFlares":true,"showImageEffects":true,"showParticleSystems":true},"in2DMode":false,"pivot":{"x":-13.489023208618164,"y":0.846153974533081,"z":13.051483154296875},"rotation":{"x":-0.10790691524744034,"y":0.6608530282974243,"z":-0.09683927148580551,"w":-0.7363773584365845},"size":9.183423042297364,"orthographic":false}